{
  "config": {
    "run_name": "exp1_1_L2_K32",
    "out_dir": "./results",
    "seed": 42,
    "device": null,
    "bs_train": 50,
    "bs_test": 12,
    "batches": 8,
    "epochs": 14,
    "early_stopping": 4,
    "checkpoints": null,
    "lr": 0.005,
    "reg": 0.0005,
    "filters_per_layer": [
      32
    ],
    "pool_every": 3,
    "hidden_dims": [
      100
    ],
    "model_type": "cnn",
    "kw": {},
    "layers_per_block": 16
  },
  "results": {
    "num_epochs": 5,
    "train_loss": [
      2.3135411739349365,
      2.308044910430908,
      2.2970895767211914,
      2.3218305110931396,
      2.3103208541870117,
      2.3060901165008545,
      2.311866521835327,
      2.3045318126678467,
      2.2953667640686035,
      2.284407615661621,
      2.2828636169433594,
      2.3745908737182617,
      2.288356304168701,
      2.2997915744781494,
      2.2956762313842773,
      2.2988152503967285,
      2.2931089401245117,
      2.279322624206543,
      2.2805588245391846,
      2.345811367034912,
      2.277719497680664,
      2.2991068363189697,
      2.2887048721313477,
      2.297515392303467,
      2.2923583984375,
      2.276682138442993,
      2.2794547080993652,
      2.3501365184783936,
      2.272494316101074,
      2.298954725265503,
      2.2864716053009033,
      2.296790838241577,
      2.292039394378662,
      2.2761740684509277,
      2.2788915634155273,
      2.351872444152832,
      2.2695229053497314,
      2.2988598346710205,
      2.2851333618164062,
      2.2963712215423584
    ],
    "train_acc": [
      14.0,
      14.0,
      14.0,
      14.0,
      14.0
    ],
    "test_loss": [
      2.290720224380493,
      2.313241720199585,
      2.303481340408325,
      2.2775652408599854,
      2.311170816421509,
      2.298715591430664,
      2.318344831466675,
      2.3168861865997314,
      2.270427942276001,
      2.324195623397827,
      2.329502820968628,
      2.2735631465911865,
      2.3162729740142822,
      2.2983596324920654,
      2.31604266166687,
      2.3378031253814697,
      2.2603795528411865,
      2.33323073387146,
      2.3446342945098877,
      2.2701447010040283,
      2.3219823837280273,
      2.298236846923828,
      2.3206050395965576,
      2.3525102138519287,
      2.2577807903289795,
      2.3360064029693604,
      2.3487296104431152,
      2.2686216831207275,
      2.323197841644287,
      2.297792673110962,
      2.3229949474334717,
      2.3565633296966553,
      2.255934953689575,
      2.338521718978882,
      2.350781202316284,
      2.2681937217712402,
      2.3248414993286133,
      2.2966790199279785,
      2.3243160247802734,
      2.358715534210205
    ],
    "test_acc": [
      6.25,
      6.25,
      6.25,
      6.25,
      6.25
    ]
  }
}