{
  "config": {
    "run_name": "exp1_1_L2_K32",
    "out_dir": "./results",
    "seed": 42,
    "device": null,
    "bs_train": 50,
    "bs_test": 12,
    "batches": 10,
    "epochs": 10,
    "early_stopping": 5,
    "checkpoints": null,
    "lr": 0.001,
    "reg": 0.001,
    "filters_per_layer": [
      64
    ],
    "pool_every": 1,
    "hidden_dims": [
      100
    ],
    "model_type": "cnn",
    "kw": {},
    "layers_per_block": 2
  },
  "results": {
    "num_epochs": 10,
    "train_loss": [
      2.312253952026367,
      2.28031849861145,
      2.2629384994506836,
      2.420091152191162,
      2.2626564502716064,
      2.2886524200439453,
      2.287044048309326,
      2.2877163887023926,
      2.300659656524658,
      2.2912721633911133,
      2.276966094970703,
      2.2651326656341553,
      2.238162040710449,
      2.299633264541626,
      2.208294153213501,
      2.2257087230682373,
      2.2073023319244385,
      2.2182776927948,
      2.2589902877807617,
      2.197387218475342,
      2.157440423965454,
      2.177053213119507,
      2.088419198989868,
      2.203824520111084,
      2.016021966934204,
      2.03033709526062,
      2.0291991233825684,
      1.997158169746399,
      2.0833733081817627,
      1.9911019802093506,
      2.0082345008850098,
      2.0752310752868652,
      1.9359800815582275,
      2.012364625930786,
      1.799715518951416,
      1.8129383325576782,
      1.9181045293807983,
      1.8078445196151733,
      1.90163254737854,
      1.826319694519043,
      1.8839311599731445,
      1.965948224067688,
      1.7995892763137817,
      1.8570077419281006,
      1.661095380783081,
      1.6412687301635742,
      1.8252689838409424,
      1.618085503578186,
      1.7660831212997437,
      1.799515962600708,
      1.7707220315933228,
      1.7966843843460083,
      1.6577180624008179,
      1.7315646409988403,
      1.5307635068893433,
      1.5295993089675903,
      1.7991774082183838,
      1.502516269683838,
      1.5424106121063232,
      1.6695408821105957,
      1.6509414911270142,
      1.6284414529800415,
      1.4664475917816162,
      1.6803998947143555,
      1.4103422164916992,
      1.4172157049179077,
      1.7486202716827393,
      1.4189047813415527,
      1.4248875379562378,
      1.521989107131958,
      1.518796682357788,
      1.5377659797668457,
      1.3640179634094238,
      1.6458182334899902,
      1.3205946683883667,
      1.343437671661377,
      1.5830737352371216,
      1.3404353857040405,
      1.374212384223938,
      1.4035052061080933,
      1.4587554931640625,
      1.4527112245559692,
      1.2763392925262451,
      1.5681304931640625,
      1.2050584554672241,
      1.2784473896026611,
      1.4368903636932373,
      1.2593857049942017,
      1.2898041009902954,
      1.3059834241867065,
      1.405441403388977,
      1.3775933980941772,
      1.227220058441162,
      1.4390151500701904,
      1.1160138845443726,
      1.236676812171936,
      1.3678064346313477,
      1.215916395187378,
      1.2459739446640015,
      1.2087041139602661
    ],
    "train_acc": [
      13.8,
      17.4,
      28.0,
      32.6,
      39.6,
      43.8,
      49.6,
      52.8,
      55.2,
      57.8
    ],
    "test_loss": [
      2.2672102451324463,
      2.2710154056549072,
      2.2862250804901123,
      2.2625391483306885,
      2.2828736305236816,
      2.291506052017212,
      2.297971487045288,
      2.302914619445801,
      2.277162551879883,
      2.299405574798584,
      2.0395708084106445,
      2.220979690551758,
      2.218427896499634,
      2.132072687149048,
      2.2490074634552,
      2.2139995098114014,
      2.212149143218994,
      2.2922427654266357,
      2.0933165550231934,
      2.213905096054077,
      1.727636694908142,
      2.056917905807495,
      2.033409833908081,
      1.9692625999450684,
      2.178718328475952,
      2.1751091480255127,
      2.083087682723999,
      2.3094398975372314,
      1.8516026735305786,
      2.0321035385131836,
      1.4220352172851562,
      1.8535499572753906,
      1.9027971029281616,
      1.9779562950134277,
      2.0815470218658447,
      2.188457489013672,
      1.8855366706848145,
      2.318944215774536,
      1.7034169435501099,
      1.9183906316757202,
      1.248480200767517,
      1.80866277217865,
      1.8870986700057983,
      1.9367475509643555,
      2.1033289432525635,
      2.2865068912506104,
      1.7576662302017212,
      2.3656423091888428,
      1.6039379835128784,
      1.9366837739944458,
      1.180850863456726,
      1.899069905281067,
      1.905481219291687,
      1.8540229797363281,
      2.0736796855926514,
      2.258131265640259,
      1.7304601669311523,
      2.3410732746124268,
      1.5065120458602905,
      1.890795350074768,
      1.1450096368789673,
      1.8313544988632202,
      1.870009422302246,
      1.813398838043213,
      1.9004427194595337,
      2.1239702701568604,
      1.7155327796936035,
      2.213698625564575,
      1.407612681388855,
      1.7885206937789917,
      1.181610345840454,
      1.6987322568893433,
      1.8200961351394653,
      1.8352524042129517,
      1.802590250968933,
      2.1033594608306885,
      1.6481901407241821,
      2.155071496963501,
      1.3642735481262207,
      1.7659597396850586,
      1.2543498277664185,
      1.6966983079910278,
      1.8392342329025269,
      1.8979095220565796,
      1.773112177848816,
      2.167820692062378,
      1.6229610443115234,
      2.188873529434204,
      1.3440561294555664,
      1.7074190378189087,
      1.3102651834487915,
      1.8058475255966187,
      1.878824234008789,
      1.9959934949874878,
      1.8058263063430786,
      2.2520477771759033,
      1.6268965005874634,
      2.229121446609497,
      1.349813461303711,
      1.652201771736145
    ],
    "test_acc": [
      10.0,
      27.5,
      23.333333333333332,
      34.166666666666664,
      35.0,
      35.833333333333336,
      35.0,
      35.833333333333336,
      37.5,
      33.333333333333336
    ]
  }
}