{
  "config": {
    "run_name": "exp1_1",
    "out_dir": "./results",
    "seed": 42,
    "device": null,
    "bs_train": 50,
    "bs_test": 12,
    "batches": 8,
    "epochs": 20,
    "early_stopping": 8,
    "checkpoints": null,
    "lr": 0.001,
    "reg": 0.0004,
    "filters_per_layer": [
      32
    ],
    "pool_every": 2,
    "hidden_dims": [
      100
    ],
    "model_type": "cnn",
    "kw": {},
    "layers_per_block": 4
  },
  "results": {
    "num_epochs": 15,
    "train_loss": [
      2.303187131881714,
      2.2930967807769775,
      2.2882347106933594,
      2.328118085861206,
      2.2910871505737305,
      2.3051586151123047,
      2.299553871154785,
      2.298354387283325,
      2.3003392219543457,
      2.2735512256622314,
      2.264411211013794,
      2.343320369720459,
      2.2812838554382324,
      2.2866594791412354,
      2.278728723526001,
      2.258263349533081,
      2.270237922668457,
      2.2157211303710938,
      2.1632606983184814,
      2.705519199371338,
      2.2215189933776855,
      2.189758062362671,
      2.175820827484131,
      2.0854218006134033,
      2.2301197052001953,
      2.155709743499756,
      2.041038751602173,
      2.1912038326263428,
      1.9326469898223877,
      1.9992364645004272,
      2.4151220321655273,
      2.0176994800567627,
      2.136874198913574,
      2.0838441848754883,
      1.9547767639160156,
      2.1392149925231934,
      1.966193437576294,
      1.9266642332077026,
      1.9718738794326782,
      1.8501248359680176,
      2.1305456161499023,
      2.0296008586883545,
      1.856268048286438,
      2.1198930740356445,
      1.8282922506332397,
      1.8229386806488037,
      1.9681729078292847,
      1.9632766246795654,
      2.0210392475128174,
      1.9668751955032349,
      1.7995688915252686,
      2.084397554397583,
      1.844577431678772,
      1.8460984230041504,
      2.0102694034576416,
      1.8747382164001465,
      1.9477317333221436,
      1.9802132844924927,
      1.7568055391311646,
      2.0130295753479004,
      1.7512773275375366,
      1.677182674407959,
      1.8035216331481934,
      1.7059712409973145,
      2.0138661861419678,
      2.3704299926757812,
      1.886306881904602,
      1.947869062423706,
      1.738061547279358,
      1.6240426301956177,
      1.7487908601760864,
      1.6844608783721924,
      1.8219577074050903,
      2.004422187805176,
      1.6209936141967773,
      1.9172266721725464,
      1.7050896883010864,
      1.5789108276367188,
      1.7166383266448975,
      1.6978254318237305,
      1.7382091283798218,
      1.9364182949066162,
      1.545006513595581,
      1.8966807126998901,
      1.7058329582214355,
      1.5838401317596436,
      1.6360970735549927,
      1.5567152500152588,
      1.6701167821884155,
      1.9803359508514404,
      1.5607736110687256,
      1.849643588066101,
      1.6069473028182983,
      1.4547756910324097,
      1.5469895601272583,
      1.469611644744873,
      1.5465178489685059,
      1.7365070581436157,
      1.45849609375,
      1.710803508758545,
      1.5588617324829102,
      1.392075538635254,
      1.5136135816574097,
      1.4013116359710693,
      1.4874598979949951,
      1.761689305305481,
      1.414804220199585,
      1.6106948852539062,
      1.4715428352355957,
      1.3501673936843872,
      1.5118862390518188,
      1.506893277168274,
      1.5174078941345215,
      1.5397100448608398,
      1.176412582397461,
      1.587143898010254,
      1.626428246498108,
      1.2605804204940796,
      1.3840402364730835,
      1.3056092262268066
    ],
    "train_acc": [
      14.5,
      15.25,
      25.75,
      27.5,
      33.25,
      32.75,
      37.0,
      40.0,
      42.0,
      45.5,
      46.5,
      49.5,
      52.75,
      50.5,
      58.75
    ],
    "test_loss": [
      2.280461549758911,
      2.2909996509552,
      2.3145651817321777,
      2.274770736694336,
      2.302912950515747,
      2.3085415363311768,
      2.312225580215454,
      2.3328609466552734,
      2.1662867069244385,
      2.243959665298462,
      2.2951977252960205,
      2.237612009048462,
      2.2382733821868896,
      2.335374116897583,
      2.1805732250213623,
      2.317467451095581,
      1.8483572006225586,
      2.061805009841919,
      2.2158679962158203,
      2.103363275527954,
      2.2292134761810303,
      2.30656361579895,
      2.060516357421875,
      2.2404372692108154,
      1.8311971426010132,
      2.031726121902466,
      2.0582594871520996,
      1.957235336303711,
      2.2300901412963867,
      2.1923000812530518,
      2.1028218269348145,
      2.1877071857452393,
      1.5428463220596313,
      1.934055209159851,
      2.0523183345794678,
      1.9215129613876343,
      2.2502877712249756,
      2.345625877380371,
      1.972434401512146,
      2.4065682888031006,
      1.6923388242721558,
      2.0046377182006836,
      2.0745952129364014,
      1.9622803926467896,
      2.2163102626800537,
      2.13749623298645,
      2.0624046325683594,
      2.376615285873413,
      1.6128984689712524,
      1.8529294729232788,
      2.067802667617798,
      1.9573777914047241,
      2.160554885864258,
      2.262206554412842,
      1.8634740114212036,
      2.4836676120758057,
      1.4424338340759277,
      1.869263768196106,
      2.2912027835845947,
      2.2845664024353027,
      2.0730268955230713,
      2.4301469326019287,
      1.6677137613296509,
      3.0264222621917725,
      1.4820175170898438,
      1.804500937461853,
      2.194340944290161,
      2.179487943649292,
      2.0281474590301514,
      2.270737886428833,
      1.6440410614013672,
      2.8170197010040283,
      1.5528558492660522,
      1.8163676261901855,
      2.2742061614990234,
      2.148024559020996,
      1.996700406074524,
      2.288020610809326,
      1.6759554147720337,
      2.80669903755188,
      1.680932641029358,
      2.011004686355591,
      2.3910398483276367,
      2.2797348499298096,
      2.0357792377471924,
      2.3308911323547363,
      1.6460566520690918,
      3.0956459045410156,
      1.6134986877441406,
      1.8961974382400513,
      2.3078339099884033,
      2.1777892112731934,
      2.0348007678985596,
      2.3159916400909424,
      1.685860276222229,
      3.070227861404419,
      1.6132510900497437,
      1.9844179153442383,
      2.3518333435058594,
      2.222172260284424,
      2.080718994140625,
      2.3536908626556396,
      1.616101622581482,
      3.080526351928711,
      2.0582563877105713,
      2.431067943572998,
      2.3396050930023193,
      2.266871213912964,
      2.218848943710327,
      2.2782795429229736,
      1.9565938711166382,
      3.0732219219207764,
      1.5417183637619019,
      2.1266112327575684,
      2.634312391281128,
      2.3504905700683594,
      2.0885426998138428,
      2.5744857788085938,
      1.6396540403366089,
      3.384305000305176
    ],
    "test_acc": [
      6.25,
      13.541666666666666,
      16.666666666666668,
      17.708333333333332,
      20.833333333333332,
      32.291666666666664,
      26.041666666666668,
      30.208333333333332,
      33.333333333333336,
      32.291666666666664,
      23.958333333333332,
      31.25,
      27.083333333333332,
      22.916666666666668,
      30.208333333333332
    ]
  }
}