{
  "config": {
    "run_name": "exp1_1_L2_K32",
    "out_dir": "./results",
    "seed": 42,
    "device": null,
    "bs_train": 50,
    "bs_test": 12,
    "batches": 8,
    "epochs": 14,
    "early_stopping": 4,
    "checkpoints": null,
    "lr": 0.001,
    "reg": 0.0005,
    "filters_per_layer": [
      32
    ],
    "pool_every": 2,
    "hidden_dims": [
      100
    ],
    "model_type": "cnn",
    "kw": {},
    "layers_per_block": 2
  },
  "results": {
    "num_epochs": 7,
    "train_loss": [
      2.3010404109954834,
      2.3169667720794678,
      2.290523052215576,
      2.3385066986083984,
      2.2833003997802734,
      2.2921390533447266,
      2.2670235633850098,
      2.276715040206909,
      2.256420612335205,
      2.2435336112976074,
      2.2347817420959473,
      2.275263547897339,
      2.1720707416534424,
      2.224485397338867,
      2.297574281692505,
      2.1125988960266113,
      2.129589796066284,
      2.0931286811828613,
      2.03619384765625,
      2.116938352584839,
      1.9319952726364136,
      1.958653211593628,
      2.166489362716675,
      2.0235543251037598,
      2.0242762565612793,
      1.9579381942749023,
      1.8429341316223145,
      2.0002400875091553,
      1.7912945747375488,
      1.893388271331787,
      1.9716484546661377,
      1.7711808681488037,
      1.8632194995880127,
      1.8266361951828003,
      1.6326780319213867,
      1.811448335647583,
      1.5577456951141357,
      1.677425742149353,
      1.8738459348678589,
      1.6647535562515259,
      1.7401821613311768,
      1.6558613777160645,
      1.5158090591430664,
      2.1917808055877686,
      1.9820252656936646,
      1.7772082090377808,
      1.6921477317810059,
      1.5328898429870605,
      1.646573781967163,
      1.572343349456787,
      1.3481783866882324,
      1.6458433866500854,
      1.341908574104309,
      1.4385895729064941,
      1.5815539360046387,
      1.4596079587936401
    ],
    "train_acc": [
      20.5,
      27.75,
      33.5,
      41.5,
      48.5,
      47.0,
      61.0
    ],
    "test_loss": [
      2.1924691200256348,
      2.2616307735443115,
      2.29380464553833,
      2.2513980865478516,
      2.267573356628418,
      2.2350950241088867,
      2.266709327697754,
      2.3072080612182617,
      1.9440709352493286,
      2.166583776473999,
      2.180797815322876,
      2.0573596954345703,
      2.254347801208496,
      2.184567451477051,
      2.1210174560546875,
      2.307781219482422,
      1.760297179222107,
      1.9856939315795898,
      2.1484384536743164,
      2.0254416465759277,
      2.1478965282440186,
      2.3019957542419434,
      2.0030438899993896,
      2.445178747177124,
      1.5224345922470093,
      1.8845524787902832,
      2.075432062149048,
      1.8943012952804565,
      2.0676448345184326,
      2.2616357803344727,
      1.8722399473190308,
      2.3372461795806885,
      1.4843815565109253,
      1.8657203912734985,
      1.9683107137680054,
      1.9058736562728882,
      1.8978790044784546,
      2.196275472640991,
      1.9233146905899048,
      2.204035997390747,
      1.3727383613586426,
      1.8011455535888672,
      2.0019662380218506,
      1.8703073263168335,
      1.8868211507797241,
      2.2973482608795166,
      1.6807197332382202,
      2.386763334274292,
      1.2936495542526245,
      1.8563889265060425,
      1.9861555099487305,
      1.8483976125717163,
      1.792704701423645,
      2.4045536518096924,
      1.716260313987732,
      2.3512465953826904
    ],
    "test_acc": [
      20.833333333333332,
      22.916666666666668,
      22.916666666666668,
      22.916666666666668,
      21.875,
      36.458333333333336,
      27.083333333333332
    ]
  }
}