{
  "config": {
    "run_name": "exp1_1",
    "out_dir": "./results",
    "seed": 42,
    "device": null,
    "bs_train": 50,
    "bs_test": 12,
    "batches": 8,
    "epochs": 14,
    "early_stopping": 4,
    "checkpoints": null,
    "lr": 0.000125,
    "reg": 0.00054,
    "filters_per_layer": [
      64
    ],
    "pool_every": 3,
    "hidden_dims": [
      100
    ],
    "model_type": "cnn",
    "kw": {},
    "layers_per_block": 16
  },
  "results": {
    "num_epochs": 6,
    "train_loss": [
      2.3067643642425537,
      2.3142166137695312,
      2.3116278648376465,
      2.3014795780181885,
      2.2930748462677,
      2.3098132610321045,
      2.299999952316284,
      2.2968175411224365,
      2.306333065032959,
      2.313308000564575,
      2.310851812362671,
      2.3018107414245605,
      2.2923097610473633,
      2.3093037605285645,
      2.299370765686035,
      2.2965292930603027,
      2.3058600425720215,
      2.3123815059661865,
      2.310063362121582,
      2.302154779434204,
      2.2915103435516357,
      2.3088090419769287,
      2.2987537384033203,
      2.2962491512298584,
      2.3053882122039795,
      2.311462163925171,
      2.30928111076355,
      2.3025050163269043,
      2.290714979171753,
      2.308328866958618,
      2.29815411567688,
      2.295973777770996,
      2.3049440383911133,
      2.3105716705322266,
      2.308504819869995,
      2.3028664588928223,
      2.2899110317230225,
      2.3078598976135254,
      2.297569751739502,
      2.295707941055298,
      2.304499626159668,
      2.309678554534912,
      2.3077290058135986,
      2.303236722946167,
      2.289154291152954,
      2.307394504547119,
      2.296987295150757,
      2.295445442199707
    ],
    "train_acc": [
      8.75,
      8.75,
      9.25,
      9.75,
      10.0,
      10.0
    ],
    "test_loss": [
      2.2805869579315186,
      2.29841947555542,
      2.3341050148010254,
      2.3237688541412354,
      2.2771859169006348,
      2.2871906757354736,
      2.2953732013702393,
      2.304847478866577,
      2.2800285816192627,
      2.298921823501587,
      2.334134101867676,
      2.322486639022827,
      2.2779510021209717,
      2.287248373031616,
      2.2956299781799316,
      2.3056468963623047,
      2.2794859409332275,
      2.299436330795288,
      2.3341588973999023,
      2.321214199066162,
      2.278730630874634,
      2.287285089492798,
      2.295912027359009,
      2.3064486980438232,
      2.2789223194122314,
      2.2999179363250732,
      2.3342018127441406,
      2.3199539184570312,
      2.279452085494995,
      2.287346363067627,
      2.2961924076080322,
      2.3072378635406494,
      2.278416156768799,
      2.3004086017608643,
      2.3342370986938477,
      2.3187267780303955,
      2.280198574066162,
      2.2873928546905518,
      2.29649019241333,
      2.3080246448516846,
      2.27795147895813,
      2.300894260406494,
      2.334292411804199,
      2.3175127506256104,
      2.280956745147705,
      2.287463903427124,
      2.296795129776001,
      2.308837890625
    ],
    "test_acc": [
      8.333333333333334,
      8.333333333333334,
      8.333333333333334,
      10.416666666666666,
      10.416666666666666,
      10.416666666666666
    ]
  }
}