{
  "config": {
    "run_name": "exp1_1_L2_K32",
    "out_dir": "./results",
    "seed": 42,
    "device": null,
    "bs_train": 50,
    "bs_test": 12,
    "batches": 10,
    "epochs": 10,
    "early_stopping": 5,
    "checkpoints": null,
    "lr": 0.001,
    "reg": 0.001,
    "filters_per_layer": [
      64
    ],
    "pool_every": 1,
    "hidden_dims": [
      100
    ],
    "model_type": "cnn",
    "kw": {},
    "layers_per_block": 4
  },
  "results": {
    "num_epochs": 10,
    "train_loss": [
      2.311300277709961,
      2.30367112159729,
      2.302971839904785,
      2.3175764083862305,
      2.3120429515838623,
      2.305755376815796,
      2.300159215927124,
      2.2992045879364014,
      2.3281164169311523,
      2.2996606826782227,
      2.2971792221069336,
      2.2893571853637695,
      2.2890379428863525,
      2.306988000869751,
      2.286888837814331,
      2.2889909744262695,
      2.2761974334716797,
      2.2905516624450684,
      2.352374315261841,
      2.2954354286193848,
      2.292668342590332,
      2.2703945636749268,
      2.269815683364868,
      2.3142504692077637,
      2.2759859561920166,
      2.274880886077881,
      2.26619291305542,
      2.2802608013153076,
      2.3048832416534424,
      2.285093069076538,
      2.285829544067383,
      2.2536771297454834,
      2.23984694480896,
      2.3286309242248535,
      2.242633581161499,
      2.243786334991455,
      2.2334723472595215,
      2.2607452869415283,
      2.2867298126220703,
      2.2588000297546387,
      2.258427381515503,
      2.229196548461914,
      2.1854043006896973,
      2.299579620361328,
      2.1591007709503174,
      2.156334161758423,
      2.170928716659546,
      2.194871664047241,
      2.197800397872925,
      2.199475049972534,
      2.2242379188537598,
      2.105422258377075,
      2.0611579418182373,
      2.2013118267059326,
      2.132786512374878,
      2.0804355144500732,
      2.1631553173065186,
      2.111461877822876,
      2.1081974506378174,
      2.1320078372955322,
      2.1860053539276123,
      2.1029388904571533,
      1.9567843675613403,
      2.235748052597046,
      1.9340521097183228,
      1.9980952739715576,
      2.064007043838501,
      1.9864581823349,
      1.996794581413269,
      1.9743119478225708,
      2.104506492614746,
      2.0093491077423096,
      1.8846408128738403,
      1.99931001663208,
      1.839048147201538,
      1.8102424144744873,
      1.9708784818649292,
      1.8416236639022827,
      1.8318644762039185,
      1.8839116096496582,
      2.0448737144470215,
      1.9156243801116943,
      1.8419630527496338,
      1.9019588232040405,
      1.708358645439148,
      1.777357578277588,
      1.959620475769043,
      1.7444099187850952,
      1.8892914056777954,
      1.924119472503662,
      1.9490629434585571,
      1.8983514308929443,
      1.737300992012024,
      1.875734567642212,
      1.769717812538147,
      1.7539830207824707,
      1.8829857110977173,
      1.6728442907333374,
      1.8361804485321045,
      1.8004393577575684
    ],
    "train_acc": [
      12.6,
      13.0,
      13.0,
      13.0,
      17.0,
      23.2,
      27.2,
      29.8,
      30.6,
      34.6
    ],
    "test_loss": [
      2.2903528213500977,
      2.3057901859283447,
      2.3228886127471924,
      2.309438467025757,
      2.303420305252075,
      2.289846658706665,
      2.2893950939178467,
      2.3110599517822266,
      2.291409730911255,
      2.304417610168457,
      2.246774196624756,
      2.3186898231506348,
      2.3563716411590576,
      2.272873878479004,
      2.315870761871338,
      2.3364083766937256,
      2.275723457336426,
      2.358243465423584,
      2.2672741413116455,
      2.323019027709961,
      2.2293331623077393,
      2.3157060146331787,
      2.357722520828247,
      2.25404691696167,
      2.3136160373687744,
      2.3652050495147705,
      2.259856939315796,
      2.3770835399627686,
      2.262608766555786,
      2.3181419372558594,
      2.188035726547241,
      2.27986216545105,
      2.301496744155884,
      2.2295773029327393,
      2.279691696166992,
      2.3273732662200928,
      2.205641031265259,
      2.343745470046997,
      2.2243168354034424,
      2.295306444168091,
      2.0475082397460938,
      2.2274057865142822,
      2.2356860637664795,
      2.1443593502044678,
      2.2196407318115234,
      2.3247547149658203,
      2.0746877193450928,
      2.3162665367126465,
      2.129669666290283,
      2.2502992153167725,
      1.9839590787887573,
      2.1616032123565674,
      2.2208077907562256,
      2.1687405109405518,
      2.1559972763061523,
      2.2457830905914307,
      2.09004545211792,
      2.231159210205078,
      2.111546277999878,
      2.1929776668548584,
      1.7086976766586304,
      2.2051308155059814,
      2.1030466556549072,
      2.2241528034210205,
      1.9545230865478516,
      2.3583133220672607,
      1.6806408166885376,
      2.4536921977996826,
      1.9169386625289917,
      2.1254849433898926,
      1.497352123260498,
      2.1683199405670166,
      1.867845058441162,
      2.255959987640381,
      1.9952173233032227,
      2.381899833679199,
      1.5501317977905273,
      2.5580294132232666,
      1.8087176084518433,
      2.175743579864502,
      1.4464106559753418,
      1.963490605354309,
      1.7936071157455444,
      2.10554575920105,
      2.0225579738616943,
      2.2816851139068604,
      1.6049479246139526,
      2.4955880641937256,
      1.73082435131073,
      2.1644110679626465,
      1.3895941972732544,
      1.9138647317886353,
      1.7764686346054077,
      1.9732242822647095,
      2.106217622756958,
      2.0798776149749756,
      1.6628328561782837,
      2.3677706718444824,
      1.571387767791748,
      2.0184578895568848
    ],
    "test_acc": [
      7.5,
      7.5,
      7.5,
      7.5,
      14.166666666666666,
      17.5,
      25.0,
      23.333333333333332,
      29.166666666666668,
      30.833333333333332
    ]
  }
}